(48.8476114157, 2.25314300756);Firmiana;simplex;JARDIN DES SERRES D AUTEUIL / 1 AVENUE GORDON BENNETT;PARIS 16E ARRDT;126.0;16.0;362;Sterculier
(48.8582820141, 2.3626526639);Ficus;carica;SQUARE GEORGES CAIN / 8 RUE PAYENNE;PARIS 3E ARRDT;145.0;10.0;3797;Figuier
(48.84758185, 2.25327790355);Catalpa;speciosa;JARDIN DES SERRES D AUTEUIL / 1 AVENUE GORDON BENNETT;PARIS 16E ARRDT;138.0;5.0;8220;Catalpa
(48.8672280446, 2.27026875561);Cedrus;libani;SQUARE DEBUSSY;PARIS 16E ARRDT;213.0;6.0;12360;Cèdre
(48.8460598206, 2.25295516084);Ailanthus;giraldii;JARDIN DES SERRES D AUTEUIL / 1 AVENUE GORDON BENNETT;PARIS 16E ARRDT;495.0;22.0;14946;Ailante
(48.8326105728, 2.41145272899);Taxodium;distichum;ILE DE BERCY / LAC DAUMESNIL;PARIS 12E ARRDT;281.0;23.0;16719;Cyprès Chauve
(48.8620845688, 2.3985769149);Diospyros;lotus;CIMETIERE DU PERE LACHAISE / DIV 77;PARIS 20E ARRDT;111.0;12.0;120191;Plaqueminier
(48.8394169316, 2.43359063315);Liriodendron;tulipifera;SQUARE CARNOT - AVENUE DAUMESNIL / ESPLANADE DU CHATEAU DE VINCENNES;PARIS 12E ARRDT;298.0;30.0;122196;Tulipier
(48.8288409104, 2.34976462735);Ficus;carica;JARDIN BRASSAI / 2 RUE EUGENE ATGET;PARIS 13E ARRDT;100.0;4.0;125573;Figuier
(48.8183891866, 2.43791851368);Quercus;ilex;PENTE DE GRAVELLE - AVENUE DE GRAVELLE / ROUTE NOUVELLE;PARIS 12E ARRDT;245.0;23.0;131466;Chêne
(48.8736809161, 2.29025241063);Quercus;ilex;JARDIN DE L AVENUE FOCH / 10 AVENUE FOCH;PARIS 16E ARRDT;200.0;11.0;143646;Chêne
(48.8631730613, 2.26173856394);Pterocarya;fraxinifolia;BERGE DU LAC INFERIEUR - CHEMIN DE CEINTURE DU LAC INFERIEUR;PARIS 16E ARRDT;407.0;27.0;149256;Pterocarya
(48.8946228565, 2.3268523785);Liriodendron;tulipifera;SQUARE DES EPINETTES;PARIS 17E ARRDT;240.0;26.0;151107;Tulipier
(48.8578108712, 2.29375292444);Aesculus;hippocastanum;JARDIN DU CHAMP DE MARS / C01;PARIS 7E ARRDT;532.0;20.0;180289;Marronnier
(48.863263161, 2.24072476384);Taxodium;distichum;GRANDE CASCADE - CARREFOUR DE LONGCHAMP;PARIS 16E ARRDT;311.0;28.0;185157;Cyprès Chauve
(48.8465006206, 2.25226717382);Liriodendron;tulipifera;JARDIN DES SERRES D AUTEUIL / 1 AVENUE GORDON BENNETT;PARIS 16E ARRDT;196.0;23.0;190421;Tulipier
(48.8213206283, 2.45536669589);Pinus;bungeana;ARBORETUM DE L ECOLE DU BREUIL - ROUTE DE LA FERME / ROUTE DE LA PYRAMIDE;PARIS 12E ARRDT;78.0;16.0;198310;Pin
(48.8319199888, 2.41202929042);Liriodendron;tulipifera;ILE DE BERCY / LAC DAUMESNIL;PARIS 12E ARRDT;214.0;21.0;210285;Tulipier
(48.8844740542, 2.34306606827);Aesculus;hippocastanum;SQUARE LOUISE MICHEL;PARIS 18E ARRDT;358.0;21.0;212523;Marronnier
(48.8227147039, 2.33868841423);Platanus;x hispanica;PARC MONTSOURIS;PARIS 14E ARRDT;604.0;30.0;221076;Platane
(48.8557944122, 2.30025394143);Diospyros;lotus;JARDIN DU CHAMP DE MARS;PARIS 7E ARRDT;162.0;13.0;28106;Plaqueminier
(48.8639651868, 2.25134968355);Pinus;nigra;JARDIN DU PRE CATELAN - CARREFOUR DE LA GRANDE CASCADE / CARREFOUR DE LA CROIX CATELAN;PARIS 16E ARRDT;330.0;27.0;31576;Pin
(48.8428258374, 2.29728541016);Alnus;n. sp.;SQUARE SAINT-LAMBERT;PARIS 15E ARRDT;223.0;19.0;43976;Aulne
(48.8614740968, 2.35437470573);Aesculus;hippocastanum;JARDIN ANNE FRANCK / 14 IMPASSE BERTHAUD;PARIS 3E ARRDT;55.0;6.0;48158;Marronnier
(48.8341620932, 2.38255442632);Platanus;x hispanica;PARC DE BERCY;PARIS 12E ARRDT;502.0;35.0;56207;Platane
(48.8233452352, 2.33968342685);Fagus;sylvatica;PARC MONTSOURIS;PARIS 14E ARRDT;135.0;5.0;61633;Hêtre
(48.8558090006, 2.30029407426);Diospyros;kaki;JARDIN DU CHAMP DE MARS;PARIS 7E ARRDT;117.0;14.0;73320;Plaqueminier
(48.8856757452, 2.34472507365);Maclura;pomifera;SQUARE LOUISE MICHEL;PARIS 18E ARRDT;209.0;18.0;74017;Oranger des Osages
(48.8770427283, 2.38050012851);Taxus;baccata;PARC DES BUTTES CHAUMONT;PARIS 19E ARRDT;140.0;13.0;77251;If
(48.8322968473, 2.4106783229);Platanus;x hispanica;ILE DE BERCY / LAC DAUMESNIL;PARIS 12E ARRDT;399.0;35.0;86096;Platane
(48.86193299, 2.39871043218);Acer;monspessulanum;CIMETIERE DU PERE LACHAISE / DIV 77;PARIS 20E ARRDT;232.0;14.0;87979;Erable
(48.8875264747, 2.31617875419);Platanus;orientalis;SQUARE DES BATIGNOLLES;PARIS 17E ARRDT;442.0;30.0;90636;Platane
(48.8691331657, 2.27224829769);Gymnocladus;dioica;SQUARE ROBERT SCHUMAN;PARIS 16E ARRDT;185.0;12.0;91892;Chicot du Canada
(48.8330206707, 2.34991527056);Quercus;cerris;SQUARE RENE LE GALL;PARIS 13E ARRDT;130.0;19.0;92315;Chêne
(48.8578039088, 2.39574078452);Eucommia;ulmoides;CIMETIERE DU PERE LACHAISE / DIV 75;PARIS 20E ARRDT;120.0;12.0;99634;Arbre à Gutta-Percha
(48.864817945, 2.252676244);Sequoiadendron;giganteum;JARDIN DU PRE CATELAN - CARREFOUR DE LA GRANDE CASCADE / CARREFOUR DE LA CROIX CATELAN;PARIS 16E ARRDT;634.0;32.0;109309;Sequoia
(48.8618538057, 2.37908566977);Corylus;colurna;SQUARE MAURICE GARDETTE;PARIS 11E ARRDT;250.0;21.0;3574;Noisetier de Byzance
(48.8396298427, 2.3009898653);Quercus;frainetto;SQUARE ADOLPHE CHERIOUX;PARIS 15E ARRDT;173.0;15.0;6673;Chêne
(48.869458282, 2.24771343792);Sequoiadendron;giganteum;PARC DE BAGATELLE - ALLEE DE LONGCHAMP / ROUTE DE SEVRES A NEUILLY;PARIS 16E ARRDT;511.0;28.0;12734;Sequoia
(48.8648374901, 2.36062553598);Corylus;colurna;SQUARE DU TEMPLE / 50 RUE DE BRETAGNE;PARIS 3E ARRDT;223.0;25.0;129794;Noisetier de Byzance
(48.8319997987, 2.32583007025);Cedrus;libani;SQUARE DE L ASPIRAND DUNAND / 20 RUE SAILLARD;PARIS 14E ARRDT;131.0;17.0;149340;Cèdre
(48.8587642227, 2.29551496343);Fagus;sylvatica;JARDIN DU CHAMP DE MARS;PARIS 7E ARRDT;194.0;7.0;154524;Hêtre
(48.8819364512, 2.39826376533);Fraxinus;excelsior;SQUARE DE LA BUTTE DU CHAPEAU ROUGE / 11 BOULEVARD D ALGERIE;PARIS 19E ARRDT;385.0;24.0;167206;Frêne
(48.8704055251, 2.24852119162);Platanus;orientalis;PARC DE BAGATELLE - ALLEE DE LONGCHAMP / ROUTE DE SEVRES A NEUILLY;PARIS 16E ARRDT;221.0;24.0;180451;Platane
(48.887350672, 2.3160147001);Zelkova;carpinifolia;SQUARE DES BATIGNOLLES;PARIS 17E ARRDT;310.0;30.0;182303;Orme de Sibérie
(48.8852311185, 2.3427055876);Pterocarya;fraxinifolia;SQUARE LOUISE MICHEL;PARIS 18E ARRDT;409.0;31.0;195613;Pterocarya
(48.872641762, 2.28136402859);Zelkova;carpinifolia;JARDIN DE L AVENUE FOCH / 10 AVENUE FOCH;PARIS 16E ARRDT;415.0;26.0;196033;Orme de Sibérie
(48.857749011, 2.33940394029);Salix;babylonica;QUAI DE L HORLOGE;PARIS 1ER ARRDT;120.0;14.0;196812;Saule
(48.8946546396, 2.32660621447);Fagus;sylvatica;SQUARE DES EPINETTES;PARIS 17E ARRDT;355.0;28.0;201119;Hêtre
(48.8493165016, 2.34518635839);Platanus;orientalis;SQUARE MICHEL-FOUCAULT / 43Q RUE DES ECOLES;PARIS 5E ARRDT;450.0;24.0;208384;Platane
(48.857837941, 2.29331862801);Platanus;x hispanica;JARDIN DU CHAMP DE MARS / C01;PARIS 7E ARRDT;695.0;27.0;211392;Platane
(48.8569376084, 2.3366340031);Catalpa;bignonioides;SQUARE GABRIEL PIERNE;PARIS 6E ARRDT;275.0;15.0;213190;Catalpa
(48.8662595233, 2.39975002649);Ulmus;minor;AVENUE GAMBETTA;PARIS 20E ARRDT;230.0;21.0;219199;Orme
(48.8716811488, 2.24923265275);Araucaria;araucana;PARC DE BAGATELLE - ALLEE DE LONGCHAMP / ROUTE DE SEVRES A NEUILLY;PARIS 16E ARRDT;182.0;11.0;16936;Araucaria
(48.8629082876, 2.26157034611);Ginkgo;biloba;BERGE DU LAC INFERIEUR - CHEMIN DE CEINTURE DU LAC INFERIEUR;PARIS 16E ARRDT;210.0;17.0;25608;Arbre aux quarante écus
(48.8460398085, 2.25406628275);Celtis;koraiensis;JARDIN DES SERRES D AUTEUIL / 1 AVENUE GORDON BENNETT;PARIS 16E ARRDT;165.0;10.0;27469;Micocoulier
(48.8613685289, 2.25898794355);Fagus;sylvatica;PETITE ILE DU LAC INFERIEUR;PARIS 16E ARRDT;200.0;10.0;27807;Hêtre
(48.8471733403, 2.25286614408);Quercus;suber subsp. Occidentalis;JARDIN DES SERRES D AUTEUIL / 1 AVENUE GORDON BENNETT;PARIS 16E ARRDT;203.0;11.0;33271;Chêne
(48.836425027, 2.29018563176);Fagus;sylvatica;SQUARE DU CLOS FEUQUIERES;PARIS 15E ARRDT;138.0;4.0;46193;Hêtre
(48.8787029872, 2.30647417371);Acer;pseudoplatanus;PARC MONCEAU;PARIS 8E ARRDT;450.0;28.0;47177;Erable
(48.8856292413, 2.34379244341);Punica;granatum;SQUARE LOUISE MICHEL;PARIS 18E ARRDT;30.0;3.0;50922;Grenadier
(48.8477822447, 2.25372288858);Betula;nigra;JARDIN DES SERRES D AUTEUIL / 1 AVENUE GORDON BENNETT;PARIS 16E ARRDT;200.0;18.0;54038;Bouleau
(48.8521900449, 2.34729161483);Robinia;pseudoacacia;SQUARE RENE VIVIANI;PARIS 5E ARRDT;365.0;9.0;59019;Robinier
(48.8520872721, 2.28253143196);Populus;x canadensis;ALLEE DES CYGNES;PARIS 15E ARRDT;381.0;22.0;61749;Peuplier
(48.8218388917, 2.33578615166);Quercus;ilex;PARC MONTSOURIS;PARIS 14E ARRDT;250.0;21.0;84446;Chêne
(48.8648326277, 2.25217460792);Diospyros;kaki;JARDIN DU PRE CATELAN - CARREFOUR DE LA GRANDE CASCADE / CARREFOUR DE LA CROIX CATELAN;PARIS 16E ARRDT;146.0;15.0;90948;Plaqueminier
(48.8399709915, 2.43374296016);Fagus;sylvatica;SQUARE CARNOT - AVENUE DAUMESNIL / ESPLANADE DU CHATEAU DE VINCENNES;PARIS 12E ARRDT;414.0;16.0;96045;Hêtre
(48.8672465961, 2.31748146673);Melia;azedarach;JARDINS DES CHAMPS ELYSEES;PARIS 8E ARRDT;168.0;14.0;97070;Lilas de Perse
(48.8661272117, 2.26254793084);Platanus;orientalis;ILE DU LAC INFERIEUR;PARIS 16E ARRDT;380.0;26.0;100577;Platane
(48.8691249683, 2.27310006117);Morus;alba;SQUARE ROBERT SCHUMAN;PARIS 16E ARRDT;103.0;3.0;105684;Mûrier
(48.8740821646, 2.25916497406);Catalpa;bignonioides;TIR AU PIGEON / 32 ROUTE DE L ETOILE;PARIS 16E ARRDT;397.0;14.0;108379;Catalpa
(48.8577724998, 2.29724575606);Eucommia;ulmoides;JARDIN DU CHAMP DE MARS;PARIS 7E ARRDT;189.0;15.0;169623;Arbre à Gutta-Percha
(48.8323392302, 2.41144640633);Platanus;x hispanica;ILE DE BERCY / LAC DAUMESNIL;PARIS 12E ARRDT;397.0;40.0;139240;Platane
(48.8388163194, 2.40656685552);Quercus;frainetto;SQUARE CHARLES PEGUY;PARIS 12E ARRDT;169.0;14.0;130482;Chêne
(48.8736111675, 2.28908012683);Tilia;tomentosa;JARDIN DE L AVENUE FOCH / 10 AVENUE FOCH;PARIS 16E ARRDT;280.0;22.0;133077;Tilleul
(48.8877361833, 2.34350324718);Platanus;x hispanica;PARC MARCEL BLEUSTEIN BLANCHET;PARIS 18E ARRDT;349.0;27.0;123815;Platane
(48.8873178299, 2.31706267506);Diospyros;lotus;SQUARE DES BATIGNOLLES;PARIS 17E ARRDT;153.0;13.0;126224;Plaqueminier
(48.8426511702, 2.29608898567);Celtis;australis;SQUARE SAINT-LAMBERT;PARIS 15E ARRDT;227.0;19.0;126448;Micocoulier
(48.8428184075, 2.29688266387);Acer;saccharinum;SQUARE SAINT-LAMBERT;PARIS 15E ARRDT;242.0;22.0;139788;Erable
(48.8220251, 2.33627703861);Sequoia;sempervirens;PARC MONTSOURIS;PARIS 14E ARRDT;355.0;25.0;15597;Sequoia
(48.8630096006, 2.2417737512);Pinus;nigra subsp. laricio;RESERVOIR DE LA GRANDE CASCADE - CARREFOUR DE LONGCHAMP;PARIS 16E ARRDT;241.0;30.0;55279;Pin
(48.8625497049, 2.23789840571);Zelkova;carpinifolia;MOULIN DE LONGCHAMP - ROUTE DES TRIBUNES;PARIS 16E ARRDT;321.0;16.0;219482;Orme de Sibérie
(48.8201271209, 2.4452294175);Cedrus;libani;LAC DE GRAVELLE - ROUTE DE LA TOURELLE / ROUTE NOUVELLE;PARIS 12E ARRDT;410.0;22.0;50027;Cèdre
(48.8876882466, 2.31645921238);Platanus;x hispanica;SQUARE DES BATIGNOLLES;PARIS 17E ARRDT;595.0;34.0;19415;Platane
(48.8810210944, 2.39924431307);Fagus;sylvatica;SQUARE DE LA BUTTE DU CHAPEAU ROUGE / 11 BOULEVARD D ALGERIE;PARIS 19E ARRDT;276.0;21.0;45306;Hêtre
(48.8408777406, 2.39210515404);Calocedrus;decurrens;JARDIN DE LA GARE DE REUILLY;PARIS 12E ARRDT;195.0;23.0;74487;Libocèdre
(48.8600333815, 2.26913461956);Pterocarya;fraxinifolia;JARDIN DU RANELAGH;PARIS 16E ARRDT;449.0;28.0;65079;Pterocarya
(48.8542732882, 2.33573525468);Paulownia;tomentosa;RUE DE FURSTEMBERG;PARIS 6E ARRDT;294.0;23.0;56818;Paulownia
(48.8320775848, 2.41181713566);Taxus;baccata;ILE DE BERCY / LAC DAUMESNIL;PARIS 12E ARRDT;101.0;5.0;27385;If
(48.8858144156, 2.3301156142);Taxus;baccata;CIMETIERE DE MONTMARTRE / DIV 14;PARIS 18E ARRDT;290.0;11.0;39833;If
(48.8217882346, 2.3228497157);Fagus;sylvatica;SQUARE DU SERMENT DE KOUFRA;PARIS 14E ARRDT;306.0;19.0;89293;Hêtre
(48.8732484628, 2.24887874572);Davidia;involucrata;PARC DE BAGATELLE - ALLEE DE LONGCHAMP / ROUTE DE SEVRES A NEUILLY;PARIS 16E ARRDT;120.0;15.0;103014;Arbre aux mouchoirs
(48.8448875264, 2.35366916319);Fagus;sylvatica;SQUARE DES ARENES DE LUTECE;PARIS 5E ARRDT;85.0;3.0;75785;Hêtre
(48.8303745987, 2.41349281717);Acer;opalus;ILE DE BERCY / LAC DAUMESNIL;PARIS 12E ARRDT;203.0;14.0;103013;Erable
(48.8727963278, 2.2875405986);Corylus;colurna;JARDIN DE L AVENUE FOCH / 10 AVENUE FOCH;PARIS 16E ARRDT;200.0;12.0;80363;Noisetier de Byzance
(48.8552202311, 2.30078240398);Celtis;occidentalis;JARDIN DU CHAMP DE MARS;PARIS 7E ARRDT;2439.0;19.0;81382;Micocoulier
(48.8767091018, 2.33192988137);Pterocarya;fraxinifolia;SQUARE D'ESTIENNE D'ORVES;PARIS 9E ARRDT;340.0;26.0;111685;Pterocarya
(48.8578670722, 2.34811930339);Morus;alba;SQUARE DE LA TOUR SAINT JACQUES / 1 BIS RUE SAINT MARTIN;PARIS 4E ARRDT;96.0;6.0;117599;Mûrier
(48.845904263, 2.25302676408);Pistacia;terebinthus;JARDIN DES SERRES D AUTEUIL / 1 AVENUE GORDON BENNETT;PARIS 16E ARRDT;155.0;12.0;87716;Pistachier
(48.8465652331, 2.25242001202);Quercus;ilex;JARDIN DES SERRES D AUTEUIL / 1 AVENUE GORDON BENNETT;PARIS 16E ARRDT;222.0;15.0;99850;Chêne
(48.8210095188, 2.4555149836);Pinus;coulteri;ARBORETUM DE L ECOLE DU BREUIL - ROUTE DE LA FERME / ROUTE DE LA PYRAMIDE;PARIS 12E ARRDT;234.0;17.0;146386;Pin
(48.8586730749, 2.25833935548);Magnolia;grandiflora;BERGE DU LAC INFERIEUR - CHEMIN DE CEINTURE DU LAC INFERIEUR;PARIS 16E ARRDT;200.0;14.0;191383;Magnolia
(48.8764740798, 2.25749975507);Sequoiadendron;giganteum;ROUTE DE LA PORTE SAINT-JAMES;PARIS 16E ARRDT;335.0;28.0;160686;Sequoia
(48.8731340013, 2.28679550428);Platanus;x hispanica;JARDIN DE L AVENUE FOCH / 10 AVENUE FOCH;PARIS 16E ARRDT;440.0;25.0;210558;Platane
(48.8597425245, 2.39998313637);Aesculus;hippocastanum;CIMETIERE DU PERE LACHAISE / DIV 76;PARIS 20E ARRDT;347.0;22.0;171428;Marronnier
(48.8591685681, 2.27021762792);Corylus;colurna;JARDIN DU RANELAGH;PARIS 16E ARRDT;225.0;18.0;167481;Noisetier de Byzance
(48.8846213312, 2.34392438346);Platanus;orientalis;SQUARE LOUISE MICHEL;PARIS 18E ARRDT;480.0;28.0;168544;Platane
(48.8940926568, 2.32633191622);Aesculus;pavia;SQUARE DES EPINETTES;PARIS 17E ARRDT;284.0;20.0;173523;Marronnier
(48.8682621216, 2.29353225481);Platanus;x hispanica;SQUARE THOMAS JEFFERSSON;PARIS 16E ARRDT;108.0;13.0;168117;Platane
(48.8769145324, 2.34670061772);Platanus;x hispanica;SQUARE MONTHOLON;PARIS 9E ARRDT;465.0;25.0;147708;Platane
(48.847146744, 2.25198353717);Pterocarya;stenoptera;JARDIN DES SERRES D AUTEUIL / 1 AVENUE GORDON BENNETT;PARIS 16E ARRDT;540.0;30.0;4253;Pterocarya
(48.8241339366, 2.33796569737);Platanus;x hispanica;PARC MONTSOURIS;PARIS 14E ARRDT;370.0;25.0;5357;Platane
(48.8499468102, 2.34421971028);Zelkova;carpinifolia;SQUARE PAUL PAINLEVE;PARIS 5E ARRDT;248.0;22.0;8000;Orme de Sibérie
(48.8715363448, 2.27816921701);Platanus;x hispanica;JARDIN DE L AVENUE FOCH / 10 AVENUE FOCH;PARIS 16E ARRDT;443.0;27.0;18098;Platane
(48.8615163386, 2.39906598184);Gymnocladus;dioica;CIMETIERE DU PERE LACHAISE / DIV 77;PARIS 20E ARRDT;149.0;10.0;127126;Chicot du Canada
(48.8626270003, 2.28982415236);Platanus;x hispanica;JARDIN DU TROCADERO;PARIS 16E ARRDT;479.0;28.0;137066;Platane
(48.8650683246, 2.40092640649);Aesculus;hippocastanum;SQUARE EDOUARD VAILLANT;PARIS 20E ARRDT;380.0;26.0;137757;Marronnier
(48.8615791238, 2.29107326949);Corylus;colurna;JARDIN DU TROCADERO;PARIS 16E ARRDT;258.0;20.0;146646;Noisetier de Byzance
(48.8642003629, 2.26796037248);Fagus;sylvatica;STADE DE LA PORTE DE LA MUETTE / 60 BOULEVARD LANNES;PARIS 16E ARRDT;312.0;12.0;146993;Hêtre
(48.8709369341, 2.24803445349);Taxus;baccata;PARC DE BAGATELLE - ALLEE DE LONGCHAMP / ROUTE DE SEVRES A NEUILLY;PARIS 16E ARRDT;246.0;15.0;153392;If
(48.8513574712, 2.32513190803);Melia;azedarach;SQUARE BOUCICAUT;PARIS 7E ARRDT;120.0;13.0;162975;Lilas de Perse
(48.821579307, 2.45494663547);Zelkova;carpinifolia;ARBORETUM DE L ECOLE DU BREUIL - ROUTE DE LA FERME / ROUTE DE LA PYRAMIDE;PARIS 12E ARRDT;308.0;21.0;168469;Orme de Sibérie
(48.8492902734, 2.35621122947);Platanus;x hispanica;QUAI SAINT BERNARD;PARIS 5E ARRDT;375.0;25.0;181091;Platane
(48.8735408016, 2.29045015635);Koelreuteria;paniculata;JARDIN DE L AVENUE FOCH / 10 AVENUE FOCH;PARIS 16E ARRDT;155.0;8.0;183880;Savonnier
(48.8292532091, 2.41318205865);Platanus;x hispanica;ROUTE DE LA CEINTURE DU LAC DAUMESNIL;PARIS 12E ARRDT;504.0;27.0;185773;Platane
(48.852346005, 2.35182356011);Tamarix;n. sp.;SQUARE JEAN XXIII / 2 QUAI DE L ARCHEVECHE;PARIS 4E ARRDT;81.0;4.0;196249;Tamaris
(48.8823220504, 2.38408821582);Ginkgo;biloba;PARC DES BUTTES CHAUMONT;PARIS 19E ARRDT;270.0;24.0;223069;Arbre aux quarante écus
(48.8472736385, 2.25198968756);Magnolia;grandiflora;JARDIN DES SERRES D AUTEUIL / 1 AVENUE GORDON BENNETT;PARIS 16E ARRDT;178.0;10.0;22235;Magnolia
(48.8341740278, 2.4613206192);Quercus;robur;LAC DES MINIMES - ROUTE RONDE DES MINIMES;PARIS 12E ARRDT;422.0;327.0;25609;Chêne
(48.863856986, 2.39663716021);Ginkgo;biloba;CIMETIERE DU PERE LACHAISE / DIV 78;PARIS 20E ARRDT;175.0;15.0;42938;Arbre aux quarante écus
(48.8200711234, 2.43516626469);Catalpa;bignonioides;PENTE DE GRAVELLE - AVENUE DE GRAVELLE / ROUTE DU MOULIN ROUGE;PARIS 12E ARRDT;289.0;10.0;51340;Catalpa
(48.893355459, 2.34682048372);Toona;sinensis;SQUARE KRIEGEL - VALRIMONT;PARIS 18E ARRDT;223.0;17.0;52284;Cedrele
(48.882331696, 2.31024539129);Aesculus;hippocastanum;PELOUSES DE LA PLACE DU GENERAL CATROUX;PARIS 17E ARRDT;383.0;25.0;64451;Marronnier
(48.8493511595, 2.34503292777);Platanus;orientalis;SQUARE MICHEL-FOUCAULT / 43Q RUE DES ECOLES;PARIS 5E ARRDT;391.0;24.0;67474;Platane
(48.831421465, 2.41151437819);Diospyros;virginiana;ILE DE BERCY / LAC DAUMESNIL;PARIS 12E ARRDT;163.0;15.0;82401;Plaqueminier
(48.863392803, 2.39684653818);Ginkgo;biloba;CIMETIERE DU PERE LACHAISE / DIV 84;PARIS 20E ARRDT;165.0;20.0;84040;Arbre aux quarante écus
(48.8860986781, 2.3446801359);Pterocarya;fraxinifolia;SQUARE LOUISE MICHEL;PARIS 18E ARRDT;360.0;26.0;98936;Pterocarya
(48.8564741998, 2.39461847904);Platanus;x hispanica;BOULEVARD DE CHARONNE;PARIS 20E ARRDT;407.0;23.0;101752;Platane
(48.8277560491, 2.35926764063);Cedrus;libani;SQUARE DE CHOISY;PARIS 13E ARRDT;351.0;25.0;111957;Cèdre
(48.8574173085, 2.31472511735);Magnolia;grandiflora;SQUARE D'AJACCIO;PARIS 7E ARRDT;153.0;13.0;114537;Magnolia
(48.8311975549, 2.41168725636);Cryptomeria;japonica;ILE DE BERCY / LAC DAUMESNIL;PARIS 12E ARRDT;122.0;18.0;116855;Cryptomeria
(48.8658628897, 2.40006789337);Corylus;colurna;SQUARE EDOUARD VAILLANT;PARIS 20E ARRDT;160.0;16.0;157926;Noisetier de Byzance
(48.8229510204, 2.33747224929);Ginkgo;biloba;PARC MONTSOURIS;PARIS 14E ARRDT;334.0;27.0;160553;Arbre aux quarante écus
(48.8624451828, 2.28957035566);Sequoia;sempervirens;JARDIN DU TROCADERO;PARIS 16E ARRDT;170.0;15.0;163590;Sequoia
(48.8633907267, 2.24048112696);Cedrus;libani;GRANDE CASCADE - CARREFOUR DE LONGCHAMP;PARIS 16E ARRDT;468.0;25.0;133416;Cèdre
(48.8543846725, 2.29863693912);Cedrus;libani subsp. atlantica;JARDIN DU CHAMP DE MARS;PARIS 7E ARRDT;295.0;20.0;147581;
(48.8939378118, 2.3244386679);Metasequoia;glyptostroboides;SQUARE DE LA VILLA SAINTE CROIX / 10 VILLA SAINTE CROIX;PARIS 17E ARRDT;214.0;15.0;126683;Metaséquoia
(48.8797546767, 2.38066315428);Sequoiadendron;giganteum;PARC DES BUTTES CHAUMONT;PARIS 19E ARRDT;505.0;26.0;128185;Sequoia
(48.8803354834, 2.38130530981);Platanus;x hispanica;PARC DES BUTTES CHAUMONT;PARIS 19E ARRDT;686.0;30.0;123796;Platane
(48.8656166851, 2.39991870907);Platanus;x hispanica;SQUARE EDOUARD VAILLANT;PARIS 20E ARRDT;500.0;28.0;17434;Platane
(48.8678069026, 2.38883414897);Prunus;dulcis;CENTRE D'ANIMATION LES AMANDIERS / 110 RUE DES AMANDIERS;PARIS 20E ARRDT;240.0;9.0;126823;Amandier
(48.8462426895, 2.25137540594);Acer;monspessulanum;JARDIN DES SERRES D AUTEUIL / 1 AVENUE GORDON BENNETT;PARIS 16E ARRDT;200.0;16.0;18328;Erable
(48.8652460255, 2.31335093065);Platanus;x hispanica;JARDINS DES CHAMPS ELYSEES / GRAND PALAIS;PARIS 8E ARRDT;549.0;29.0;220346;Platane
(48.8231288576, 2.33870925824);Ginkgo;biloba;PARC MONTSOURIS;PARIS 14E ARRDT;426.0;30.0;31653;Arbre aux quarante écus
(48.8335444898, 2.41034769634);Platanus;x hispanica;ROUTE DE LA CEINTURE DU LAC DAUMESNIL - LAC DAUMESNIL / PORTE DOREE;PARIS 12E ARRDT;482.0;26.0;37725;Platane
(48.8363411221, 2.29020948574);Fagus;sylvatica;SQUARE DU CLOS FEUQUIERES;PARIS 15E ARRDT;125.0;5.0;42244;Hêtre
(48.8872385242, 2.31716310443);Pterocarya;fraxinifolia;SQUARE DES BATIGNOLLES;PARIS 17E ARRDT;388.0;30.0;56685;Pterocarya
(48.8731110898, 2.24886478886);Fagus;sylvatica;PARC DE BAGATELLE - ALLEE DE LONGCHAMP / ROUTE DE SEVRES A NEUILLY;PARIS 16E ARRDT;231.0;16.0;58055;Hêtre
(48.8692243438, 2.24601704099);Platanus;x hispanica;PARC DE BAGATELLE - ALLEE DE LONGCHAMP / ROUTE DE SEVRES A NEUILLY;PARIS 16E ARRDT;500.0;40.0;66884;Platane
(48.8671184424, 2.25294211329);Platanus;x hispanica;ROUTE DU LAC A BAGATELLE;PARIS 16E ARRDT;534.0;45.0;71532;Platane
(48.8333775625, 2.41261311356);Juglans;nigra;ROUTE DE LA CEINTURE DU LAC DAUMESNIL - LAC DAUMESNIL / PORTE DOREE;PARIS 12E ARRDT;585.0;26.0;73698;Noyer
(48.8669731103, 2.31951515223);Sequoiadendron;giganteum;JARDINS DES CHAMPS ELYSEES;PARIS 8E ARRDT;335.0;19.0;78301;Sequoia
(48.861255856, 2.3950502607);Platanus;x hispanica;CIMETIERE DU PERE LACHAISE / DIV 45;PARIS 20E ARRDT;362.0;26.0;84044;Platane
(48.8606050739, 2.25977704939);Taxodium;distichum;BERGE DU LAC INFERIEUR - CHEMIN DE CEINTURE DU LAC INFERIEUR;PARIS 16E ARRDT;354.0;32.0;90326;Cyprès Chauve
(48.855639773, 2.29642967787);Melia;azedarach;JARDIN DU CHAMP DE MARS;PARIS 7E ARRDT;124.0;12.0;90610;Lilas de Perse
(48.8433078707, 2.44974260862);Quercus;robur;FORT NEUF - AVENUE DE LA PEPINIERE / ROUTE DU GRAND MARECHAL;PARIS 12E ARRDT;464.0;30.0;107581;Chêne
(48.8497459373, 2.36003937333);Cedrus;libani;SQUARE BARYE / 2 BOULEVARD HENRI IV;PARIS 4E ARRDT;133.0;12.0;112171;Cèdre
(48.8859514292, 2.34167969275);Sophora;japonica;SQUARE NADAR / 2 RUE SAINT ELEUTHERE;PARIS 18E ARRDT;301.0;16.0;116101;Sophora
(48.8830293243, 2.37006279721);Tilia;tomentosa;PLACE DE LA BATAILLE DE STALINGRAD;PARIS 19E ARRDT;206.0;20.0;116289;Tilleul
(48.8330296265, 2.35069308175);Aesculus;hippocastanum;SQUARE RENE LE GALL;PARIS 13E ARRDT;361.0;20.0;166118;Marronnier
(48.8527676299, 2.35102356684);Corylus;colurna;SQUARE JEAN XXIII / 2 QUAI DE L ARCHEVECHE;PARIS 4E ARRDT;210.0;19.0;156466;Noisetier de Byzance
(48.8521020309, 2.35080387137);Ulmus;glabra;SQUARE JEAN XXIII / 2 QUAI DE L ARCHEVECHE;PARIS 4E ARRDT;167.0;10.0;174834;Orme
(48.8476363794, 2.25274648217);Ginkgo;biloba;JARDIN DES SERRES D AUTEUIL / 1 AVENUE GORDON BENNETT;PARIS 16E ARRDT;408.0;24.0;172713;Arbre aux quarante écus
(48.8608096279, 2.39184377559);Cedrus;libani;CIMETIERE DU PERE LACHAISE / DIV 4;PARIS 20E ARRDT;372.0;25.0;170345;Cèdre
(48.8728864891, 2.29058299982);Morus;nigra;JARDIN DE L AVENUE FOCH / 10 AVENUE FOCH;PARIS 16E ARRDT;150.0;8.0;153254;Mûrier
(48.8685718097, 2.31332439059);Calocedrus;decurrens;JARDINS DES CHAMPS ELYSEES;PARIS 8E ARRDT;197.0;26.0;157222;Libocèdre
(48.8814687366, 2.38368012582);Sophora;japonica;PARC DES BUTTES CHAUMONT;PARIS 19E ARRDT;408.0;12.0;153896;Sophora
(48.8577764958, 2.31452314446);Platanus;x hispanica;SQUARE D'AJACCIO;PARIS 7E ARRDT;478.0;29.0;153705;Platane
(48.8801157455, 2.38566682415);Aesculus;hippocastanum;PARC DES BUTTES CHAUMONT;PARIS 19E ARRDT;323.0;25.0;171142;Marronnier
(48.8336857764, 2.42111192826);Ginkgo;biloba;ECOLE DE CHIENS GUIDE D AVEUGLES - AVENUE DE SAINT-MAURICE;PARIS 12E ARRDT;260.0;25.0;203676;Arbre aux quarante écus
(48.8395211552, 2.43349884154);Platanus;x hispanica;SQUARE CARNOT - AVENUE DAUMESNIL / ESPLANADE DU CHATEAU DE VINCENNES;PARIS 12E ARRDT;607.0;30.0;195302;Platane
(48.8648104138, 2.23370602002);Salix;babylonica;ETANG DE SURESNES / ROUTE DE SURESNES - ROUTE DES MOULINS;PARIS 16E ARRDT;285.0;10.0;211047;Saule
(48.8400020252, 2.46422598011);Acer;cappadocicum;PELOUSE DE FONTENAY - AVENUE DE LA BELLE GABRIELLE;PARIS 12E ARRDT;294.0;18.0;190519;Erable
(48.8225316855, 2.33674234703);Fagus;sylvatica;PARC MONTSOURIS;PARIS 14E ARRDT;395.0;28.0;189274;Hêtre
(48.8557603076, 2.35399346953);Ulmus;minor;PLACE SAINT GERVAIS;PARIS 4E ARRDT;184.0;16.0;178189;Orme
(48.8785828156, 2.30755979417);Platanus;orientalis;PARC MONCEAU;PARIS 8E ARRDT;645.0;31.0;187215;Platane
(48.8800797215, 2.38570950523);Aesculus;hippocastanum;PARC DES BUTTES CHAUMONT;PARIS 19E ARRDT;330.0;22.0;219105;Marronnier
